<?xml version="1.0" encoding="utf-8" standalone="yes"?>
<rss version="2.0" xmlns:atom="http://www.w3.org/2005/Atom">
  <channel>
    <title>About Poker Live - Trusted Poker Insights Platform on Live Poker</title>
    <link>https://onlinepokerau.com/about-us/</link>
    <description>Recent content in About Poker Live - Trusted Poker Insights Platform on Live Poker</description>
    <generator>Hugo</generator>
    <language>en</language>
    <lastBuildDate></lastBuildDate>
    <atom:link href="https://onlinepokerau.com/about-us/index.xml" rel="self" type="application/rss+xml" />
  </channel>
</rss>
