<?xml version="1.0" encoding="utf-8" standalone="yes"?>
<rss version="2.0" xmlns:atom="http://www.w3.org/2005/Atom">
  <channel>
    <title>Play Online Poker – Real Games &amp; Cash Tables | Play Live Poker AU on Live Poker</title>
    <link>https://onlinepokerau.com/play/</link>
    <description>Recent content in Play Online Poker – Real Games &amp; Cash Tables | Play Live Poker AU on Live Poker</description>
    <generator>Hugo</generator>
    <language>en</language>
    <lastBuildDate></lastBuildDate>
    <atom:link href="https://onlinepokerau.com/play/index.xml" rel="self" type="application/rss+xml" />
  </channel>
</rss>
