<?xml version="1.0" encoding="utf-8" standalone="yes"?>
<rss version="2.0" xmlns:atom="http://www.w3.org/2005/Atom">
  <channel>
    <title>Poker Games Online – Fun Casino Tables &amp; Video Play | AU Poker on Live Poker</title>
    <link>https://onlinepokerau.com/games/</link>
    <description>Recent content in Poker Games Online – Fun Casino Tables &amp; Video Play | AU Poker on Live Poker</description>
    <generator>Hugo</generator>
    <language>en</language>
    <lastBuildDate></lastBuildDate>
    <atom:link href="https://onlinepokerau.com/games/index.xml" rel="self" type="application/rss+xml" />
  </channel>
</rss>
